model,degradation,severity,imageCount,inferenceSeconds,map,ap50,ap75,ar100,smallAP,mediumAP,largeAP,smallAR,mediumAR,largeAR,missed,falsePositive,classification,localisation,cleanMap,absoluteDrop,retention
transformer,blur,0,500,571.9373124581762,0.497846974978098,0.6592795012795544,0.5477228067237728,0.6028001546993287,0.19936231457464162,0.4258481345545362,0.617770557798055,0.2749217065470935,0.5255494109538436,0.7035254406569809,152,6405,97,172,0.497846974978098,0.0,1.0
transformer,blur,1,500,371.26911562494934,0.487256316781097,0.6488416919887631,0.5353112871332665,0.59647233153146,0.19290974252699736,0.406043322174513,0.6116720623428743,0.2567487849840791,0.509008930227648,0.7034387428873012,178,7010,95,165,0.497846974978098,0.010590658197001002,0.9787270813537294
transformer,blur,2,500,371.3574576249812,0.4065516305720038,0.5604546596655215,0.43532843168445207,0.5171526916313811,0.12131170447609496,0.3232831873030383,0.534057119117875,0.16977118068836333,0.4295167686782962,0.6400523877835701,318,6396,148,166,0.497846974978098,0.09129534440609421,0.8166196662938233
transformer,blur,3,500,390.2287008340936,0.30765117670672,0.427301710441989,0.3223250711997302,0.4102496653418233,0.04296729819629353,0.2220509069154513,0.42857872796807833,0.06153373429689219,0.29342779925949924,0.5392163820767439,553,5830,200,152,0.497846974978098,0.190195798271378,0.6179633344568471
transformer,blur,4,500,379.2413317919709,0.2376925850390573,0.341121584441811,0.2538305269527608,0.33499588030797,0.028284190777812985,0.16137139950887308,0.340340657361171,0.03527010163039574,0.2201846076893307,0.45797089408520336,687,6018,264,149,0.497846974978098,0.2601543899390407,0.4774410551545768
transformer,blur,5,500,357.15403908281587,0.14793755319847665,0.22156322228499387,0.15479157858546244,0.22539236886722988,0.006150016693853106,0.0852476655404306,0.2297689078943584,0.008265445066915653,0.12500734824111312,0.3320696651971323,930,5585,304,130,0.497846974978098,0.34990942177962137,0.29715466927359546
transformer,lowlight,0,500,571.9373124581762,0.497846974978098,0.6592795012795544,0.5477228067237728,0.6028001546993287,0.19936231457464162,0.4258481345545362,0.617770557798055,0.2749217065470935,0.5255494109538436,0.7035254406569809,152,6405,97,172,0.497846974978098,0.0,1.0
transformer,lowlight,1,500,592.9875332501251,0.4825187104966961,0.637800242120116,0.526543261862972,0.5841247785842013,0.16823074275998548,0.410355930867607,0.6078137580441508,0.24247770540146701,0.4985008381173055,0.6902993062285439,205,5887,96,169,0.497846974978098,0.015328264481401899,0.9692108915956028
transformer,lowlight,2,500,611.8670823341236,0.4554808394089642,0.6083895621375186,0.49090045465770854,0.5564948366054263,0.15452910527866492,0.36554761089320553,0.5826176921869486,0.22471213470052478,0.4525476941049821,0.6629227112591858,271,5431,109,161,0.497846974978098,0.04236613556913377,0.914901289555897
transformer,lowlight,3,500,631.4335719998926,0.40324328562502104,0.5508950331485409,0.43348945039340975,0.4986959481553243,0.1294170623934871,0.3310770732858203,0.511722265634036,0.18699693932085573,0.4169402571127725,0.6039979030411596,397,5147,120,156,0.497846974978098,0.09460368935307695,0.8099743613843613
transformer,lowlight,4,500,622.4548107499722,0.24630292668973067,0.35517447588401724,0.268733571876357,0.3383579543089241,0.053711649299117446,0.19728721220961387,0.33025036488464843,0.07699995294809536,0.2740899778755046,0.4327967753433214,723,4974,226,132,0.497846974978098,0.2515440482883673,0.49473621226796927
transformer,lowlight,5,500,625.0371095421724,0.0407610974848736,0.06288760620586303,0.041831351218680424,0.07296573920345625,0.014530406648227138,0.028599363387033498,0.05705018799036798,0.015546218487394957,0.04627239243626481,0.09528333971097128,1391,3905,313,51,0.497846974978098,0.4570858774932244,0.08187475174809855
transformer,jpeg,0,500,571.9373124581762,0.497846974978098,0.6592795012795544,0.5477228067237728,0.6028001546993287,0.19936231457464162,0.4258481345545362,0.617770557798055,0.2749217065470935,0.5255494109538436,0.7035254406569809,152,6405,97,172,0.497846974978098,0.0,1.0
transformer,jpeg,1,500,601.3691157910507,0.4963970919943545,0.6577567593602047,0.5462400994778368,0.6014115168391754,0.20432107223639343,0.4241026509999756,0.6183360343477369,0.28188599798893915,0.5172585212193617,0.7001658430342447,187,6475,88,164,0.497846974978098,0.001449882983743489,0.9970876934949594
transformer,jpeg,2,500,596.9621807090007,0.48557355487911097,0.6454817030281809,0.5370863180894574,0.5914803238418048,0.19523708767747386,0.4045045670101548,0.6098124190241646,0.26865603028722224,0.5064458145983309,0.6971878620494429,182,7063,90,181,0.497846974978098,0.01227342009898702,0.9753470027621902
transformer,jpeg,3,500,613.0149297080934,0.468036198200782,0.6176231210695924,0.5080192376294151,0.5733643165397576,0.16700933005341848,0.3871088444371938,0.5900869582673843,0.23799693226163812,0.4894188221324507,0.680251229888604,243,7409,108,151,0.497846974978098,0.029810776777315973,0.9401206027642782
transformer,jpeg,4,500,606.9845832909923,0.4354700152654723,0.591424440668943,0.47728993516858026,0.5396434228405073,0.13260340473849097,0.3621263227368255,0.5565965149439186,0.1830923030787582,0.4594703091030469,0.6466444399640607,275,7814,128,169,0.497846974978098,0.06237695971262569,0.8747065607552001
transformer,jpeg,5,500,604.4802821660414,0.31255104337317763,0.44732464073728323,0.3381270976073433,0.42447703208406296,0.08844842299591948,0.2546776751397644,0.40177458727288956,0.14803746484280542,0.3557695204586641,0.5020057012575202,418,8433,224,164,0.497846974978098,0.18529593160492036,0.6278054484250464
cnn,blur,0,500,826.7245458341204,0.4311706053432537,0.6210984596947929,0.4900516540198979,0.5624303965295089,0.21033052924772694,0.3876895641092176,0.5144436402856152,0.3203562183573793,0.5079866746675936,0.6355162682722765,152,9851,89,155,0.4311706053432537,0.0,1.0
cnn,blur,1,500,903.2482329171617,0.4150618445524661,0.6039162485267195,0.4676112981472284,0.5427552290144135,0.19017675936417072,0.3719570158540633,0.49975339813615527,0.2684917133233697,0.48831507657908335,0.625091025465619,194,9607,101,142,0.4311706053432537,0.016108760790787602,0.9626394735838649
cnn,blur,2,500,898.8541334590409,0.3349652484205716,0.517451350574427,0.36739656312175534,0.4715032743929443,0.12991803093274418,0.2798139276554348,0.4309794449764771,0.16956661916801233,0.39609801321318017,0.5724584653840169,321,9425,132,144,0.4311706053432537,0.09620535692268206,0.7768740360997168
cnn,blur,3,500,905.0516154170036,0.261129865317869,0.4057254597100952,0.28506926926528275,0.39124474182120716,0.06568061168344651,0.18697934690034887,0.3547073702648482,0.08359920222536321,0.28684839916557436,0.5030437591146957,465,9363,210,152,0.4311706053432537,0.17004074002538466,0.6056300269123965
cnn,blur,4,500,904.7455595419742,0.20915865085877794,0.33557040724425863,0.21785514120196361,0.32199121278854664,0.02992186988645609,0.1351875951126609,0.2970691709321295,0.041413601090458683,0.21240576265428335,0.43879860793374725,607,8966,250,151,0.4311706053432537,0.22201195448447575,0.4850948748982258
cnn,blur,5,500,882.3874574999791,0.14433831875479602,0.24632344895501437,0.14913983878952966,0.2442185053203314,0.009614505516190858,0.08676000878243369,0.21403514910600388,0.010839570646072194,0.1245014975736184,0.3550862335559607,802,8699,307,133,0.4311706053432537,0.28683228658845766,0.3347591810900205
cnn,lowlight,0,500,826.7245458341204,0.4311706053432537,0.6210984596947929,0.4900516540198979,0.5624303965295089,0.21033052924772694,0.3876895641092176,0.5144436402856152,0.3203562183573793,0.5079866746675936,0.6355162682722765,152,9851,89,155,0.4311706053432537,0.0,1.0
cnn,lowlight,1,500,819.9452297920361,0.4210068966081224,0.6126048258669422,0.47476021945744323,0.5489787273395316,0.2159676789235486,0.37944912173429957,0.5005847906376136,0.3079504974299866,0.48975999992251784,0.6139150310957102,175,9179,94,153,0.4311706053432537,0.010163708735131283,0.9764276399894191
cnn,lowlight,2,500,491.11801637499593,0.40477708207027446,0.5882236346290649,0.4522560298243348,0.5238787772918104,0.19114897546723955,0.3490303388132201,0.4809688863063122,0.2971164770758424,0.4505862805075599,0.5912890758879923,214,8409,119,144,0.4311706053432537,0.026393523272979225,0.9387863575440922
cnn,lowlight,3,500,505.6390338339843,0.3470071404309888,0.5195669659684881,0.382690651038828,0.4596422276249406,0.1517159728080724,0.29487750183161704,0.4282289016258031,0.21253759248147794,0.37697063329525504,0.5366306548653588,359,7745,132,149,0.4311706053432537,0.0841634649122649,0.804802405661994
cnn,lowlight,4,500,502.278827625094,0.21536012424809045,0.3428126021945988,0.2293298542917496,0.31710381779283,0.06813846451269198,0.18809072579738165,0.2692223359397264,0.08569967843187656,0.24466293240084186,0.39318203680385383,713,6312,187,122,0.4311706053432537,0.21581048109516324,0.4994777509859302
cnn,lowlight,5,500,556.420486834133,0.045345465446676086,0.07636879637751981,0.048348790765888265,0.08270993438155014,0.016351409650768995,0.03313896664146901,0.059255594334669044,0.018805573511455863,0.038914727195711915,0.10685855297236875,1362,3773,282,62,0.4311706053432537,0.38582513989657763,0.1051682672351393
cnn,jpeg,0,500,826.7245458341204,0.4311706053432537,0.6210984596947929,0.4900516540198979,0.5624303965295089,0.21033052924772694,0.3876895641092176,0.5144436402856152,0.3203562183573793,0.5079866746675936,0.6355162682722765,152,9851,89,155,0.4311706053432537,0.0,1.0
cnn,jpeg,1,500,494.5863466670271,0.4215887642363636,0.6163879319253887,0.4719439137968787,0.5533148394644702,0.20601504550305783,0.3784943067403917,0.5011930699940024,0.2966970415635276,0.5026736147270182,0.6256244623965501,161,9899,93,145,0.4311706053432537,0.009581841106890088,0.9777771467067844
cnn,jpeg,2,500,484.5369217910338,0.409724598468287,0.5937615330291444,0.4636317944788679,0.5481953587553794,0.17550168134956398,0.36551282971799715,0.4958809018880396,0.27990223119673585,0.48276971637115945,0.6330949114582242,174,10180,99,138,0.4311706053432537,0.021446006874966672,0.950260971853836
cnn,jpeg,3,500,547.5190490419045,0.3919473759980169,0.5778057217277344,0.43846867097579467,0.5277035357456589,0.159654361527632,0.3474855760921776,0.47882691354959317,0.26229173052895965,0.4818275161230257,0.6051880293980042,198,10449,122,144,0.4311706053432537,0.03922322934523681,0.9090308363808537
cnn,jpeg,4,500,546.5107186671812,0.3503491755462416,0.5360512656447558,0.3885436040102622,0.482252482199737,0.1345693253801135,0.3080103103570013,0.4299228189380706,0.20508587409322704,0.4326049758631048,0.5614153578426218,235,11409,149,148,0.4311706053432537,0.08082142979701207,0.8125534793062473
cnn,jpeg,5,500,519.7174335420132,0.22377409400600687,0.35751149322997,0.24455516195624022,0.36626535925182646,0.08776028660038562,0.21040731587788783,0.27910743180914754,0.15153806483334348,0.3531196893675776,0.4178802441989555,407,13059,282,147,0.4311706053432537,0.20739651133724682,0.5189919981392538
